Bank,Metrik,Periode,Nilai,Satuan,Sumber
JAGO,Total_Assets,FY2025,36507.347,Rp miliar,https://assets.jago.com/web-assets/public/LKFS_PT%20Bank%20Jago%20Tbk_31%20Dec%2025_combined.pdf
JAGO,Loans,FY2025,24346.604,Rp miliar,https://assets.jago.com/web-assets/public/LKFS_PT%20Bank%20Jago%20Tbk_31%20Dec%2025_combined.pdf
JAGO,DPK,FY2025,25898.491,Rp miliar,https://assets.jago.com/web-assets/public/LKFS_PT%20Bank%20Jago%20Tbk_31%20Dec%2025_combined.pdf
JAGO,Net_Income,FY2025,276.234,Rp miliar,https://assets.jago.com/web-assets/public/LKFS_PT%20Bank%20Jago%20Tbk_31%20Dec%2025_combined.pdf
JAGO,CASA,FY2025,49.606986755,%,https://assets.jago.com/web-assets/public/LKFS_PT%20Bank%20Jago%20Tbk_31%20Dec%2025_combined.pdf
JAGO,Total_Assets_YoY,FY2025,27.904268522,%,https://assets.jago.com/web-assets/public/LKFS_PT%20Bank%20Jago%20Tbk_31%20Dec%2025_combined.pdf
JAGO,Loans_YoY,FY2025,37.539887894,%,https://assets.jago.com/web-assets/public/LKFS_PT%20Bank%20Jago%20Tbk_31%20Dec%2025_combined.pdf
JAGO,DPK_YoY,FY2025,39.251110135,%,https://assets.jago.com/web-assets/public/LKFS_PT%20Bank%20Jago%20Tbk_31%20Dec%2025_combined.pdf
JAGO,Net_Income_YoY,FY2025,114.937985341,%,https://assets.jago.com/web-assets/public/LKFS_PT%20Bank%20Jago%20Tbk_31%20Dec%2025_combined.pdf
JAGO,Total_Assets_Share,FY2025,14.932325167,%,https://assets.jago.com/web-assets/public/LKFS_PT%20Bank%20Jago%20Tbk_31%20Dec%2025_combined.pdf
JAGO,Loans_Share,FY2025,18.011759421,%,https://assets.jago.com/web-assets/public/LKFS_PT%20Bank%20Jago%20Tbk_31%20Dec%2025_combined.pdf
JAGO,DPK_Share,FY2025,15.288826509,%,https://assets.jago.com/web-assets/public/LKFS_PT%20Bank%20Jago%20Tbk_31%20Dec%2025_combined.pdf
JAGO,Net_Income_Share,FY2025,12.003733649,%,https://assets.jago.com/web-assets/public/LKFS_PT%20Bank%20Jago%20Tbk_31%20Dec%2025_combined.pdf
